USE LADtop
GO

--SELECT * FROM LaptopBrand
INSERT INTO LaptopBrand VALUES ('LB001','Asus'),
('LB002', 'Lenovo'),
('LB003', 'Hp'),
('LB004', 'Samsung'),
('LB005', 'Apple'),
('LB006', 'Acer'),
('LB007', 'MSI'),
('LB008', 'Dell'),
('LB009', 'Razer'),
('LB010', 'Toshiba')

--SELECT * FROM Laptop
INSERT INTO Laptop VALUES('LA001', 'LB001', 'Asus Gaming V8', '5200000'),
('LA002', 'LB002', 'Lenovo Gamepad C9', '9000000'),
('LA003', 'LB003', 'Hp +Pro', '7000000'),
('LA004', 'LB004', 'Samsung Universal 1', '5850000'),
('LA005', 'LB005', 'Mac Pro', '20000000'),
('LA006', 'LB006', '+Ultra 3A Acer ', '12000000'),
('LA007', 'LB007', 'MSI Deluxe 5510', '11500000'),
('LA008', 'LB008', 'Dell Racer 09', '8700000'),
('LA009', 'LB009', 'Razer Hyper X', '5100000'),
('LA010', 'LB010', 'T100 PRO', '6000000')

--SELECT * FROM Staff
INSERT INTO Staff VALUES
('ST001','Igor Middleton','Male','Middor@gmail.com','821-9941','625-8242 Nulla Av.',	'9500000'),
('ST002','Brent Hinton','Male','Binton@yahoo.com','1-640-422-1037','Ap 354 Cum Road','6000000'),
('ST003','Logan Battle','Male','Lobat@yahoo.com','988-6618','39-986 Parturient Street','5300000'),
('ST004','Cadman Rich','Male','Richman@gmail.com','831-3274','3831 Ligula. St.','5750000'),
('ST005','Indira Greene','Female','Indigo@yahoo.com','752-9957','2750 Urna. Street','7000000'),
('ST006','Rigel Talley','Female','TallRig@yahoo.com','1-772-534-2266','1169 vim Rd.','8190000'),
('ST007','Inez Mason','Female','Imon@gmail.com','1-501-916-0176','1933 Aliquam Rd.','6250000'),
('ST008','Jeremy Faulkner','Male','Faulkiana@yahoo.com','1-224-578-5051','B6-875 Vulputate, St.','7700000'),
('ST009','Zoe Cash','Female','zoe.cash@gmail.com','1-611-456-3077','5120 Urna. Ave','5980000'),
('ST010','Lee Livingston','Female','leliv@yahoo.com','1-982-682-0843','Ap 928 Aliquet Av.','9250000')


--SELECT * FROM Customer
INSERT INTO Customer VALUES
('CU001','Drew Key','Male','yekDew@yahoo.com','388-5583','658 Euismod Ave'),
('CU002','Elvis David','Male','sed@gmail.com','254-5666','5992 Lorem Rd.'),
('CU003','Isaac Shaffer','Male','Shafac@yahoo.com','1-649-438-3326','492 Amet Ave'),
('CU004','Vielka Cross','Female','CroViel@gmail.com','358-2246','1846 Arcu Av.'),
('CU005','Isabelle Reese','Female','IsaResse@yahoo.com','446-9098','AT 678 Lacus. Road'),
('CU006','Candice Noel','Female','NoeCan@yahoo.com','1-897-484-2915','153-9686 Sagittis. Av.'),
('CU007','Morgan Reid','Male','ran@yahoo.com','1-767-734-4410','444-4025 Eu, St.'),
('CU008','Asher Quinn','Female','Ashelite@gmail.com','843-3618','Ap 768 Mi, St.'),
('CU009','Dexter Cantrell','Male','rel@gmail.com','1-275-721-6808','Ap 326 Molestie Avenue'),
('CU010','Beau Langley','Female','LaBeauLey@yahoo.com','1-728-273-5379','2406 Risus. Avenue')


--SELECT * FROM Vendor
INSERT INTO Vendor VALUES
('VE001','Finn Ryan','fisRy@yahoo.com','375-2496','E6-69 Nunc Road'),
('VE002','Iliana Stewart','St2k@yahoo.com','750-9452','3197 In Ave'),
('VE003','Hannah Maddox','Hanox@gmail.com','1-192-695-9344','3929 Eu St.'),
('VE004','Ryan Clayton','Ron@gmail.com','445-8825','6814 Sed, Ave'),
('VE005','Dillon Vaughan','Vaughan@yahoo.com','1-166-843-3322','72 Duis Street'),
('VE006','Tatyana Mcgee','Tytee@gmail.com','1-896-434-8234','852 In Rd.'),
('VE007','Hasad Frederick','Freeh@gmail.com','1-725-791-3537','A9 Tellus St.'),
('VE008','Emi Smith','8ith@yahoo.com','442-2748','5-1 Sed Avenue'),
('VE009','Jakeem Hatfield','jaHat@yahoo.com','810-8100','6706 curabitur Av.'),
('VE010','Alisa Santiago','aigo@yahoo.com','1-193-481-7242','7494 Nec, Rd.')




