USE LADtop
GO

--SELECT * FROM LaptopPurchase
INSERT INTO laptopPurchase VALUES
('PU001','ST001','VE004','2021-01-20'),
('PU002','ST007','VE009','2021-02-09'),
('PU003','ST002','VE003','2021-03-07'),
('PU004','ST003','VE005','2021-03-11'),
('PU005','ST008','VE001','2021-05-29'),
('PU006','ST005','VE006','2021-06-11'),
('PU007','ST006','VE007','2021-07-01'),
('PU008','ST010','VE008','2021-07-13'),
('PU009','ST007','VE007','2021-08-19'),
('PU010','ST009','VE010','2021-10-06'),
('PU011','ST008','VE001','2021-11-11'),
('PU012','ST003','VE002','2021-12-17'),
('PU013','ST006','VE001','2022-02-10'),
('PU014','ST004','VE006','2022-02-19'),
('PU015','ST004','VE005','2022-02-21')

--SELECT * FROM PurchaseDetail
INSERT INTO PurchaseDetail VALUES 
('PU001','LA001','6'),
('PU001','LA002','15'),
('PU001','LA003','12'),
('PU002','LA004','8'),
('PU002','LA005','15'),
('PU003','LA006','15'),
('PU004','LA007','10'),
('PU004','LA008','10'),
('PU005','LA009','5'),
('PU006','LA010','12'),
('PU006','LA001','10'),
('PU007','LA002','5'),
('PU007','LA003','5'),
('PU008','LA004','14'),
('PU009','LA005','12'),
('PU009','LA006','11'),
('PU010','LA007','11'),
('PU011','LA008','12'),
('PU011','LA009','15'),
('PU012','LA010','8'),
('PU013','LA004','7'),
('PU013','LA005','8'),
('PU014','LA006','12'),
('PU014','LA007','12'),
('PU015','LA006','6')


--SELECT * FROM CustomerTransaction
INSERT INTO CustomerTransaction VALUES
('TR001','ST001','CU010','2021-02-28'),
('TR002','ST002','CU009','2021-03-05'),
('TR003','ST003','CU008','2021-05-13'),
('TR004','ST004','CU007','2021-05-20'),
('TR005','ST005','CU006','2021-07-08'),
('TR006','ST006','CU005','2021-08-11'),
('TR007','ST007','CU004','2021-10-20'),
('TR008','ST008','CU003','2021-11-01'),
('TR009','ST009','CU002','2021-12-04'),
('TR010','ST010','CU001','2021-12-16'),
('TR011','ST001','CU001','2021-12-24'),
('TR012','ST002','CU002','2021-12-27'),
('TR013','ST003','CU003','2022-01-23'),
('TR014','ST004','CU004','2022-01-28'),
('TR015','ST005','CU005','2022-04-01')


--SELECT * FROM TransactionDetail
INSERT INTO TransactionDetail VALUES
('TR001','LA010','1'),
('TR002','LA009','3'),
('TR002','LA008','1'),
('TR003','LA007','2'),
('TR003','LA006','5'),
('TR003','LA005','1'),
('TR004','LA004','7'),
('TR005','LA003','3'),
('TR005','LA002','3'),
('TR006','LA001','1'),
('TR007','LA010','3'),
('TR007','LA009','2'),
('TR008','LA008','5'),
('TR009','LA006','1'),
('TR009','LA005','1'),
('TR010','LA004','4'),
('TR011','LA003','2'),
('TR012','LA002','3'),
('TR012','LA001','1'),
('TR013','LA002','3'),
('TR014','LA005','4'),
('TR014','LA001','1'),
('TR015','LA005','2'),
('TR015','LA007','3'),
('TR015','LA006','1')
